term,coefficient,odds_ratio,ci_low,ci_high,p_value
Intercept,0.2938279201771607,1.341553029595494,0.8028334679490486,2.241765699945969,0.2620139588817161
"C(price_quartile, Treatment(reference=""Q1""))[T.Q2]",-0.10912304995786463,0.8966200816466965,0.8436070462006422,0.952964504543652,0.0004492474163043453
"C(price_quartile, Treatment(reference=""Q1""))[T.Q3]",-0.36824654330517864,0.6919465658641448,0.6463840224425292,0.7407207378083871,3.1080452361906464e-26
"C(price_quartile, Treatment(reference=""Q1""))[T.Q4]",-0.4727101909063661,0.6233106861094626,0.5819133228565262,0.6676530613031517,2.010586145949996e-41
C(category_level_1)[T.apparel],-20.84638540815307,8.841579364087131e-10,1.1692814928845118e-10,6.685603605903688e-09,1.0602808196152705e-90
C(category_level_1)[T.appliances],0.04437529033860474,1.0453746002685929,0.6268514056714214,1.7433287139496996,0.8649603253592587
C(category_level_1)[T.auto],0.02180145526841707,1.0220408434997352,0.613893567926192,1.701544926281485,0.9331932045056004
C(category_level_1)[T.computers],-0.1742894764764398,0.8400536866769613,0.5105545630129005,1.3822032895663752,0.4927196294916112
C(category_level_1)[T.construction],-0.14761989340321188,0.8627589930084706,0.5173450185524813,1.4387943312949485,0.5715760212230347
C(category_level_1)[T.country_yard],-0.09339568845385104,0.9108330228719299,0.4035673378842908,2.0557084721060406,0.8220762455202593
C(category_level_1)[T.electronics],-0.04500623547620203,0.9559915207521379,0.5811933311250363,1.5724884282152354,0.8593130087454878
C(category_level_1)[T.furniture],-0.21269296502931168,0.8084043075089199,0.44591789033073553,1.4655557414712939,0.4834851515911027
C(category_level_1)[T.jewelry],-0.8456260358731361,0.42928852405362294,0.10700561992282154,1.722233252954913,0.23286265103283965
C(category_level_1)[T.kids],0.3140870742813642,1.3690089368270164,0.36681251969383666,5.109382500566074,0.6401933355182693
C(category_level_1)[T.medicine],-0.138748160884904,0.8704472135133969,0.30372804705984885,2.494594617941025,0.7961871567931826
C(category_level_1)[T.sport],-0.8074086017335599,0.4460123656233359,0.10493625752060616,1.8956939668813835,0.2741123776186931
C(category_level_1)[T.stationery],0.21742480346317536,1.2428719663261372,0.7505917006699575,2.0580173259318144,0.39811542181752535
C(category_level_1)[T.unknown],-0.12130657508553601,0.8857623652900761,0.5387502881950916,1.4562868641662068,0.6325119580290548
C(activity_month)[T.2020-10],-0.052670804543087965,0.9486922662672773,0.8221089227182152,1.0947661449769122,0.4710069070447137
C(activity_month)[T.2020-11],-0.013511031202347661,0.9865798330959342,0.8554477186503895,1.137813271168934,0.8526979743845247
C(activity_month)[T.2020-12],-0.023647015351652933,0.976630384454714,0.8445065985931328,1.1294250505906211,0.7498369789822839
C(activity_month)[T.2021-01],-0.08095664696970128,0.9222336722022918,0.80129850988894,1.0614208508407255,0.2589754682170382
C(activity_month)[T.2021-02],-0.06388862863194131,0.9381094722482999,0.8119870954000812,1.0838218820317174,0.38579007518437225
returning_user,0.13740938702722408,1.1472977412028755,1.0725255460627179,1.2272827549901992,6.436430138875278e-05
