category_code,viewed_session_products,ordered_carts,ordered_purchases,median_cart_price,cart_completion_rate,gap_to_portfolio_benchmark,scenario_incremental_purchases,scenario_incremental_item_value
computers.components.videocards,72108,11713,4697,397.48,0.4010074276444976,0.07559257235550243,885.4,351935.07
computers.components.cpu,16533,2062,724,204.29,0.3511154219204656,0.12548457807953445,258.7,52859.87
computers.components.motherboard,18541,1958,769,73.81,0.3927477017364658,0.08385229826353424,164.2,12118.33
computers.peripherals.monitor,4997,388,146,202.95,0.37628865979381443,0.1003113402061856,38.9,7898.98
electronics.video.tv,17066,597,227,105.87,0.38023450586264657,0.09636549413735346,57.5,6090.72
computers.components.power_supply,6508,767,293,81.54,0.3820078226857888,0.09459217731421121,72.6,5915.91
computers.components.hdd,6414,739,291,73.24,0.39377537212449254,0.08282462787550748,61.2,4482.83
appliances.sewing_machine,4533,198,79,177.855,0.398989898989899,0.07761010101010102,15.4,2733.06
construction.tools.drill,6717,341,140,71.4,0.41055718475073316,0.06604281524926686,22.5,1607.97
construction.tools.welding,2535,100,32,101.67,0.32,0.15660000000000002,15.7,1592.15
computers.components.cooler,8111,387,131,25.29,0.3385012919896641,0.1380987080103359,53.4,1351.6
auto.accessories.videoregister,6093,213,87,63.33,0.4084507042253521,0.0681492957746479,14.5,919.29
electronics.audio.acoustic,20448,1034,484,80.56,0.46808510638297873,0.00851489361702129,8.8,709.28
computers.desktop,4554,306,162,61.685,0.5294117647058824,0.0,0.0,0.0
computers.peripherals.camera,3307,539,330,26.46,0.6122448979591837,0.0,0.0,0.0
computers.peripherals.joystick,4866,327,174,72.19,0.5321100917431193,0.0,0.0,0.0
computers.peripherals.scanner,1214,189,98,164.33,0.5185185185185185,0.0,0.0,0.0
appliances.environment.vacuum,7015,306,191,56.19,0.6241830065359477,0.0,0.0,0.0
furniture.living_room.shelving,2509,145,75,16.19,0.5172413793103449,0.0,0.0,0.0
electronics.telephone,61109,4936,2652,31.43,0.5372771474878444,0.0,0.0,0.0
stationery.cartrige,27113,2776,1678,26.19,0.6044668587896254,0.0,0.0,0.0
electronics.audio.headphone,5789,261,146,56.35,0.5593869731800766,0.0,0.0,0.0
computers.ebooks,2205,244,131,257.87,0.5368852459016393,0.0,0.0,0.0
computers.peripherals.wifi,5046,416,250,107.6,0.6009615384615384,0.0,0.0,0.0
auto.accessories.player,13092,793,412,126.68,0.519546027742749,0.0,0.0,0.0
electronics.tablet,14193,990,523,45.475,0.5282828282828282,0.0,0.0,0.0
computers.peripherals.keyboard,1940,135,65,50.17,0.48148148148148145,0.0,0.0,0.0
computers.peripherals.printer,30003,2902,1578,122.86,0.543762922122674,0.0,0.0,0.0
construction.tools.saw,2564,179,96,136.19,0.5363128491620112,0.0,0.0,0.0
computers.peripherals.mouse,3333,163,78,35.25,0.4785276073619632,0.0,0.0,0.0
electronics.video.projector,1102,105,63,394.48,0.6,0.0,0.0,0.0
construction.tools.soldering,6627,369,186,65.08,0.5040650406504065,0.0,0.0,0.0
computers.notebook,18013,1392,814,28.25,0.5847701149425287,0.0,0.0,0.0
unknown,180987,9476,4757,33.19,0.5020050654284508,0.0,0.0,0.0
